{
  "books": [
    {
      "bookTitle": "Naruto",
      "bookDescription": "Naruto is a ninja-in-training with a need for attention, a knack for mischief, and sealed within him, a strange, formidable power",
      "bookCategory": "Comics",
      "bookAuthor": "Masashi Kishimoto",
      "bookPublisher": "Masashi Kishimoto",
      "bookCount": "100",
      "id": 3
    },
    {
      "bookTitle": "Bleach, Vol. 61",
      "bookDescription": "Hot-tempered 15-year-old Ichigo Kurosaki, the hero of the popular fantasy-adventure Bleach",
      "bookCategory": "Comics",
      "bookAuthor": "Tite Tubo",
      "bookPublisher": "Tite Tubo",
      "bookCount": "10",
      "id": 4
    },
    {
      "bookTitle": "C programming",
      "bookDescription": "basic computer awareness",
      "bookCategory": "Computers",
      "bookAuthor": "Darrel L",
      "bookPublisher": "Pearson",
      "bookCount": "38",
      "id": 5
    }
  ],
  "profile": {
    "name": "typicode"
  }
}